{"stats":{"minecraft:dropped":{"minecraft:chest":1,"minecraft:wooden_pickaxe":1},"minecraft:crafted":{"minecraft:oak_boat":1,"minecraft:oak_planks":7,"minecraft:crafting_table":1,"minecraft:stick":8,"minecraft:wooden_pickaxe":1,"minecraft:stone_pickaxe":1,"minecraft:stone_axe":1,"minecraft:air":186,"minecraft:jungle_planks":47},"minecraft:custom":{"minecraft:time_since_rest":17522,"lootr:looted_stat":3,"minecraft:sprint_one_cm":27534,"minecraft:damage_taken":160,"minecraft:walk_one_cm":35191,"minecraft:drop":2,"minecraft:swim_one_cm":3236,"minecraft:interact_with_crafting_table":3,"minecraft:fly_one_cm":26134,"minecraft:crouch_one_cm":3947,"minecraft:play_time":17522,"minecraft:sneak_time":2211,"minecraft:walk_under_water_one_cm":142,"minecraft:boat_one_cm":55170,"minecraft:jump":251,"minecraft:walk_on_water_one_cm":762,"minecraft:time_since_death":17522,"minecraft:climb_one_cm":3425,"minecraft:total_world_time":17522,"minecraft:fall_one_cm":4623},"minecraft:mined":{"lootr:lootr_chest":2,"minecraft:wheat":37,"minecraft:jungle_leaves":7,"minecraft:brown_bed":1,"minecraft:crafting_table":3,"minecraft:grass":17,"minecraft:grass_block":5,"minecraft:oak_log":7,"minecraft:jungle_planks":56,"minecraft:melon":30,"minecraft:cocoa":13,"minecraft:vine":2,"minecraft:jungle_log":45,"minecraft:dirt":9,"minecraft:bamboo":1,"minecraft:stone":10,"minecraft:red_mushroom":1,"minecraft:oak_leaves":6,"minecraft:fern":6},"minecraft:used":{"minecraft:melon_slice":7,"minecraft:stone_pickaxe":39,"minecraft:wooden_pickaxe":24,"minecraft:stone_axe":103,"minecraft:dirt":4,"minecraft:crafting_table":3,"minecraft:jungle_planks":56,"minecraft:oak_boat":1},"minecraft:picked_up":{"minecraft:cocoa_beans":33,"minecraft:crafting_table":3,"minecraft:wheat":36,"minecraft:jungle_log":45,"minecraft:red_mushroom":1,"minecraft:brown_bed":1,"minecraft:jungle_planks":42,"minecraft:oak_log":7,"minecraft:dirt":12,"minecraft:wheat_seeds":63,"minecraft:jungle_sapling":1,"minecraft:bamboo":7,"minecraft:melon_slice":155,"minecraft:chest":1,"minecraft:cobblestone":10}},"DataVersion":3465}