{"stats":{"minecraft:picked_up":{"minecraft:cocoa_beans":33,"born_in_chaos_v1:corpse_maggot":1,"minecraft:crafting_table":5,"minecraft:wheat":36,"born_in_chaos_v1:spiritual_dust":3,"born_in_chaos_v1:monster_flesh":1,"born_in_chaos_v1:seedof_chaos":4,"minecraft:jungle_log":49,"minecraft:red_mushroom":1,"minecraft:brown_bed":2,"minecraft:oak_log":7,"ancient_elements:selenite_crystal_block":10,"minecraft:string":5,"minecraft:dirt":12,"tombstone:gift":3,"born_in_chaos_v1:monster_skin":1,"minecraft:bone":3,"minecraft:wheat_seeds":63,"minecraft:rabbit_hide":1,"minecraft:jungle_sapling":1,"minecraft:bamboo":7,"minecraft:melon_slice":155,"minecraft:sugar_cane":5,"minecraft:chest":1,"minecraft:iron_sword":1,"born_in_chaos_v1:shattered_skull":1,"born_in_chaos_v1:orbofthe_summoner":1,"minecraft:torch":24,"minecraft:jungle_planks":333,"minecraft:carrot":4,"minecraft:dark_oak_log":1,"minecraft:iron_block":2,"minecraft:dark_oak_fence":2,"minecraft:coal":9,"minecraft:cobblestone":23},"minecraft:used":{"minecraft:stone_sword":23,"minecraft:stone_pickaxe":53,"minecraft:wooden_pickaxe":24,"minecraft:iron_sword":11,"minecraft:torch":16,"minecraft:dirt":4,"minecraft:crafting_table":6,"minecraft:jungle_planks":150,"minecraft:dark_oak_log":1,"minecraft:melon_slice":25,"minecraft:iron_pickaxe":23,"minecraft:stone_axe":147,"minecraft:diamond_sword":36,"minecraft:dark_oak_fence":2,"tombstone:gift":2,"minecraft:oak_boat":1,"minecraft:brown_bed":2},"minecraft:killed_by":{"born_in_chaos_v1:baby_skeleton_minion":1,"irons_spellbooks:necromancer":1,"born_in_chaos_v1:bloody_gadfly":1,"minecraft:skeleton":2,"minecraft:stray":1,"born_in_chaos_v1:supreme_bonescaller_not_despawn":1,"minecraft:spider":3,"minecraft:zombie":1,"born_in_chaos_v1:supreme_bonescaller_stage_2":1,"born_in_chaos_v1:bonescaller_not_despawn":1,"minecraft:vex":4},"minecraft:mined":{"lootr:lootr_chest":2,"minecraft:dark_oak_log":1,"minecraft:jungle_leaves":7,"minecraft:crafting_table":4,"minecraft:dark_oak_fence":2,"minecraft:grass_block":5,"minecraft:melon":30,"minecraft:jungle_planks":132,"minecraft:jungle_log":45,"minecraft:sugar_cane":2,"minecraft:red_mushroom":1,"minecraft:spawner":1,"supplementaries:urn":1,"minecraft:chain":4,"ancient_elements:selenite_crystal_block":10,"ancient_elements:selenite_clust":1,"minecraft:wheat":37,"minecraft:brown_bed":2,"minecraft:grass":20,"minecraft:oak_log":7,"minecraft:cocoa":13,"minecraft:vine":2,"minecraft:dirt":9,"minecraft:cobweb":1,"minecraft:bamboo":1,"minecraft:stone":24,"minecraft:iron_block":2,"minecraft:oak_leaves":6,"minecraft:fern":6},"minecraft:killed":{"minecraft:cave_spider":1,"minecraft:spider":2,"minecraft:rabbit":1,"born_in_chaos_v1:baby_skeleton_minion":1,"born_in_chaos_v1:maggot":3,"minecraft:zombie":4,"born_in_chaos_v1:dread_hound":1,"born_in_chaos_v1:bonescaller_not_despawn":2,"minecraft:stray":3,"born_in_chaos_v1:supreme_bonescaller_stage_2":1},"minecraft:dropped":{"minecraft:iron_sword":1,"minecraft:wheat_seeds":64,"minecraft:stone_sword":1,"minecraft:crafting_table":1,"tombstone:gift":1,"minecraft:beetroot":8,"minecraft:cobblestone":2,"minecraft:oak_planks":18,"minecraft:apple":2,"minecraft:jungle_planks":250,"minecraft:coal":9,"minecraft:stick":3,"minecraft:torch":16,"minecraft:jungle_log":4,"minecraft:melon_slice":3,"minecraft:chest":1,"minecraft:wooden_pickaxe":1,"minecraft:bone":1},"minecraft:custom":{"lootr:looted_stat":12,"minecraft:mob_kills":19,"minecraft:interact_with_crafting_table":9,"minecraft:open_barrel":20,"minecraft:damage_dealt_resisted":1183,"minecraft:leave_game":1,"minecraft:time_since_death":0,"minecraft:sleep_in_bed":1,"minecraft:climb_one_cm":3972,"minecraft:time_since_rest":3,"minecraft:sprint_one_cm":218346,"minecraft:damage_taken":5035,"minecraft:walk_one_cm":171739,"minecraft:drop":22,"minecraft:damage_dealt":4357,"minecraft:swim_one_cm":20549,"minecraft:fly_one_cm":154086,"minecraft:crouch_one_cm":6222,"minecraft:play_time":69831,"tombstone:undead_killed":11,"minecraft:deaths":18,"minecraft:sneak_time":5245,"minecraft:walk_under_water_one_cm":877,"minecraft:boat_one_cm":55170,"minecraft:jump":988,"minecraft:interact_with_brewingstand":2,"minecraft:walk_on_water_one_cm":2968,"minecraft:total_world_time":69831,"minecraft:fall_one_cm":29091},"minecraft:crafted":{"minecraft:oak_planks":7,"minecraft:raw_iron":3,"minecraft:crafting_table":3,"minecraft:wooden_pickaxe":1,"minecraft:stone_axe":2,"minecraft:jungle_planks":51,"minecraft:air":263,"minecraft:oak_boat":1,"minecraft:stick":20,"minecraft:iron_ingot":2,"minecraft:stone_pickaxe":1,"minecraft:stone_sword":1,"minecraft:torch":4}},"DataVersion":3465}