{"stats":{"minecraft:dropped":{"minecraft:wheat_seeds":1,"minecraft:stick":2,"irons_spellbooks:scroll":1,"minecraft:dirt":1,"beer_craft:hops_seeds":2,"minecraft:allium":1,"minecraft:wooden_axe":2,"minecraft:stone_brick_wall":1},"minecraft:crafted":{"minecraft:oak_planks":14,"minecraft:crafting_table":2,"minecraft:wooden_pickaxe":1,"minecraft:stone_axe":1,"minecraft:air":73,"minecraft:stick":3,"minecraft:stone_pickaxe":1,"minecraft:wooden_axe":1},"minecraft:custom":{"lootr:looted_stat":16,"minecraft:mob_kills":7,"minecraft:interact_with_crafting_table":8,"minecraft:open_barrel":3,"minecraft:leave_game":1,"minecraft:time_since_death":1691,"minecraft:climb_one_cm":1062,"minecraft:time_since_rest":1465,"minecraft:sprint_one_cm":34284,"minecraft:damage_taken":992,"minecraft:walk_one_cm":33280,"minecraft:drop":10,"minecraft:damage_dealt":1660,"minecraft:swim_one_cm":3420,"minecraft:fly_one_cm":33407,"minecraft:crouch_one_cm":4277,"minecraft:play_time":15039,"minecraft:deaths":2,"minecraft:sneak_time":1327,"minecraft:walk_under_water_one_cm":249,"minecraft:jump":198,"minecraft:walk_on_water_one_cm":150,"minecraft:total_world_time":15039,"minecraft:fall_one_cm":3301},"minecraft:mined":{"minecraft:crafting_table":1,"minecraft:grass_block":1,"minecraft:stone_brick_wall":1,"minecraft:lectern":1,"minecraft:copper_ore":4,"minecraft:tall_grass":1,"minecraft:oak_planks":3,"spelunkers_charm:rock_pile_3":1,"minecraft:furnace":1,"minecraft:andesite":1,"minecraft:grass":2,"minecraft:bookshelf":8,"minecraft:oak_log":13,"minecraft:coal_ore":11,"gnumus:fragile_gnumus_jug":1,"irons_spellbooks:inscription_table":1,"minecraft:stone":16},"minecraft:used":{"minecraft:stone_pickaxe":21,"minecraft:oak_planks":22,"minecraft:wooden_pickaxe":17,"minecraft:crafting_table":3,"minecraft:wooden_axe":40,"minecraft:bread":5,"minecraft:stone_axe":6,"tombstone:gift":2,"gnumus:juicy_meat":3},"minecraft:killed":{"gnumus:gnumus_hunter_not_dispawn":1,"naturalist:bear":1,"gnumus:big_snout":1,"minecraft:sheep":3,"takesapillage:clay_golem":1},"minecraft:killed_by":{"minecraft:skeleton":2},"minecraft:picked_up":{"minecraft:wooden_axe":1,"irons_spellbooks:scroll":2,"minecraft:crafting_table":1,"minecraft:allium":1,"minecraft:clay_ball":5,"minecraft:andesite":1,"minecraft:stone_brick_wall":1,"minecraft:oak_log":14,"minecraft:dirt":1,"minecraft:raw_copper":11,"beer_craft:hops_seeds":3,"pizzacraft:cucumber_seeds":1,"minecraft:bone":2,"minecraft:wheat_seeds":1,"minecraft:lectern":1,"irons_spellbooks:inscription_table":1,"minecraft:oak_planks":3,"minecraft:furnace":1,"minecraft:book":24,"gnumus:juicy_meat":3,"tombstone:grave_dust":1,"spelunkers_charm:rock":3,"minecraft:mutton":5,"minecraft:coal":11,"minecraft:white_wool":3,"minecraft:cobblestone":16}},"DataVersion":3465}