{"stats":{"minecraft:picked_up":{"minecraft:wooden_axe":1,"irons_spellbooks:scroll":3,"minecraft:crafting_table":2,"minecraft:allium":1,"minecraft:chicken":9,"minecraft:clay_ball":5,"gnumus:gnumus_claw":8,"minecraft:stone_brick_wall":1,"born_in_chaos_v1:bloody_gadfly_eye":3,"minecraft:string":1,"minecraft:raw_copper":13,"minecraft:iron_axe":1,"born_in_chaos_v1:intoxicating_decoction":1,"minecraft:compass":1,"minecraft:lectern":1,"born_in_chaos_v1:stimulating_decoction":2,"irons_spellbooks:inscription_table":1,"farmersdelight:cabbage_seeds":3,"minecraft:furnace":2,"minecraft:stick":1,"minecraft:raw_iron":21,"gnumus:juicy_meat":3,"ancient_elements:raw_tin":5,"tombstone:grave_dust":1,"born_in_chaos_v1:pieceofdarkmetal":5,"minecraft:carrot":23,"gnumus:pileof_gnumus_doubloons":1,"minecraft:rotten_flesh":11,"gnumus:gnumus_chickpeas":9,"minecraft:mutton":5,"gnumus:mouse_skin":16,"minecraft:glow_berries":9,"minecraft:white_wool":3,"minecraft:cobblestone":24,"born_in_chaos_v1:corpse_maggot":2,"gnumus:gnumus_doubloons":24,"minecraft:feather":12,"born_in_chaos_v1:monster_flesh":11,"pizzacraft:pepper_seeds":2,"minecraft:jungle_log":3,"minecraft:andesite":1,"gnumus:overripe_carrot":15,"minecraft:potato":1,"gnumus:gnumus_pouch":5,"create:raw_zinc":22,"minecraft:oak_log":30,"born_in_chaos_v1:black_argillite_button":2,"supplementaries:flax_seeds":1,"pizzacraft:broccoli_seeds":1,"minecraft:dirt":5,"gnumus:gnumus_pouch_2":2,"born_in_chaos_v1:monster_skin":7,"beer_craft:hops_seeds":3,"irons_spellbooks:common_ink":2,"minecraft:bone":7,"pizzacraft:cucumber_seeds":1,"minecraft:apple":1,"bakery:oat_seeds":1,"minecraft:wheat_seeds":8,"minecraft:raw_gold":2,"minecraft:rabbit_hide":3,"minecraft:iron_ingot":4,"minecraft:rabbit":6,"minecraft:moss_block":3,"minecraft:oak_planks":51,"minecraft:book":102,"born_in_chaos_v1:ethereal_spirit":1,"minecraft:dripstone_block":9,"born_in_chaos_v1:dark_rod":1,"minecraft:jungle_planks":10,"gnumus:gnumus_cheese":1,"minecraft:dark_oak_log":15,"minecraft:spider_eye":1,"born_in_chaos_v1:fangofthe_hound_leader":1,"gnumus:vintage_parts":2,"gnumus:gnumus_clay":27,"tombstone:tablet_of_recall":1,"irons_spellbooks:uncommon_ink":1,"spelunkers_charm:rock":3,"minecraft:coal":32},"minecraft:used":{"born_in_chaos_v1:intoxicating_decoction":1,"minecraft:iron_sword":49,"minecraft:dirt":2,"minecraft:jungle_planks":14,"minecraft:carrot":1,"minecraft:wooden_axe":40,"minecraft:iron_axe":163,"minecraft:furnace":1,"tombstone:gift":2,"minecraft:stone_pickaxe":52,"minecraft:oak_planks":123,"minecraft:wooden_pickaxe":17,"born_in_chaos_v1:stimulating_decoction":2,"minecraft:crafting_table":5,"gnumus:gnumus_cheese":1,"tombstone:bag_of_seeds":2,"born_in_chaos_v1:monster_flesh":1,"minecraft:bread":22,"minecraft:iron_pickaxe":79,"tombstone:grave_key":5,"minecraft:stone_axe":92,"minecraft:cobblestone":9,"minecraft:potion":1,"gnumus:juicy_meat":3,"minecraft:experience_bottle":1},"minecraft:killed_by":{"born_in_chaos_v1:nightmare_stalker":1,"minecraft:spider":1,"minecraft:pillager":2,"born_in_chaos_v1:baby_skeleton":1,"minecraft:skeleton":3},"minecraft:mined":{"create:zinc_ore":22,"minecraft:dark_oak_log":15,"born_in_chaos_v1:dark_metal_deposit":2,"minecraft:spruce_fence":1,"minecraft:grass_block":4,"minecraft:stone_brick_wall":1,"minecraft:jungle_planks":4,"born_in_chaos_v1:black_argillite":4,"minecraft:crimson_roots":1,"minecraft:jungle_log":7,"ancient_elements:meteorite_block":5,"minecraft:spawner":3,"minecraft:magma_block":7,"minecraft:furnace":2,"minecraft:carrots":4,"minecraft:iron_ore":18,"born_in_chaos_v1:black_argillite_brick_slab":3,"minecraft:fire":1,"born_in_chaos_v1:black_argillite_brick_stairs":1,"minecraft:andesite":1,"ancient_elements:tin_ore":5,"minecraft:bookshelf":34,"minecraft:vine":3,"gnumus:fragile_gnumus_jug":13,"irons_spellbooks:inscription_table":1,"minecraft:stone":21,"minecraft:spruce_slab":1,"lootr:lootr_chest":7,"minecraft:brown_carpet":1,"minecraft:crafting_table":2,"spelunkers_charm:dead_grass":1,"minecraft:lectern":1,"minecraft:campfire":1,"born_in_chaos_v1:black_argillite_column_slab":1,"ancient_elements:cloud":1,"minecraft:copper_ore":4,"minecraft:tall_grass":4,"born_in_chaos_v1:chipped_black_argillite_brick":4,"minecraft:oak_planks":51,"spelunkers_charm:rock_pile_3":1,"born_in_chaos_v1:river_mint":1,"born_in_chaos_v1:black_argillite_brick":5,"minecraft:grass":13,"minecraft:coal_ore":24,"minecraft:oak_log":13,"minecraft:dirt":5,"born_in_chaos_v1:infernal_evil_pumpkin_s":1,"minecraft:fern":3},"minecraft:killed":{"born_in_chaos_v1:zombie_clown":2,"born_in_chaos_v1:mr_pumpkin":1,"born_in_chaos_v1:door_knight_not_despawn":1,"minecraft:spider":1,"born_in_chaos_v1:siamese_skeletonsright":1,"born_in_chaos_v1:maggot":7,"creeperoverhaul:bamboo_creeper":1,"minecraft:skeleton":1,"born_in_chaos_v1:dire_hound_leader":1,"gnumus:gnumus_worker":4,"takesapillage:clay_golem":1,"gnumus:pitcher_mousse":1,"gnumus:gnumus_hunter_not_dispawn":4,"born_in_chaos_v1:fallen_chaos_knight":1,"naturalist:bear":1,"gnumus:big_snout":1,"minecraft:creeper":3,"born_in_chaos_v1:decrepit_skeleton":4,"minecraft:sheep":3,"born_in_chaos_v1:bloody_gadfly":1,"minecraft:pillager":4,"minecraft:zombie":8,"born_in_chaos_v1:dread_hound":5,"born_in_chaos_v1:corpse_fly":1,"born_in_chaos_v1:door_knight":1,"born_in_chaos_v1:siamese_skeletonsleft":1},"minecraft:dropped":{"minecraft:moss_block":3,"minecraft:wheat_seeds":4,"minecraft:oak_log":4,"gnumus:overripe_carrot":10,"minecraft:glass_bottle":3,"minecraft:crafting_table":1,"minecraft:dripstone_block":9,"minecraft:feather":12,"minecraft:cobblestone":9,"minecraft:glow_berries":6,"minecraft:apple":19,"minecraft:jungle_planks":8,"gnumus:mouse_skin":12,"minecraft:stick":4,"irons_spellbooks:scroll":1,"minecraft:dirt":3,"minecraft:mutton":5,"minecraft:wooden_axe":2,"minecraft:rabbit":6,"minecraft:map":7,"tombstone:grave_dust":1,"irons_spellbooks:common_ink":4,"minecraft:iron_axe":2,"minecraft:bone":6,"minecraft:redstone":9,"bakery:oat_seeds":1,"minecraft:stone_axe":1,"minecraft:compass":2,"minecraft:raw_copper":2,"irons_spellbooks:uncommon_ink":2,"farmersdelight:cabbage_seeds":3,"tombstone:tablet_of_recall":1,"minecraft:chicken":9,"born_in_chaos_v1:black_argillite_button":2,"minecraft:rotten_flesh":11,"minecraft:clay_ball":5,"minecraft:carrot":11,"ancient_elements:raw_tin":5,"gnumus:gnumus_doubloons":11,"supplementaries:flax_seeds":1,"pizzacraft:pepper_seeds":2,"beer_craft:hops_seeds":5,"gnumus:gnumus_clay":27,"minecraft:allium":1,"minecraft:andesite":1,"minecraft:stone_brick_wall":1,"born_in_chaos_v1:corpse_maggot":2,"spelunkers_charm:rock":2,"born_in_chaos_v1:bloody_gadfly_eye":3,"gnumus:gnumus_chickpeas":9,"pizzacraft:broccoli_seeds":1,"gnumus:vintage_parts":1,"minecraft:stone_pickaxe":1,"minecraft:wooden_pickaxe":1},"minecraft:custom":{"lootr:looted_stat":40,"minecraft:mob_kills":60,"minecraft:interact_with_crafting_table":13,"minecraft:open_barrel":16,"minecraft:damage_dealt_resisted":1213,"minecraft:leave_game":2,"minecraft:time_since_death":1287,"minecraft:climb_one_cm":13232,"minecraft:sprint_one_cm":210216,"minecraft:walk_one_cm":189322,"minecraft:drop":100,"minecraft:play_time":81399,"minecraft:deaths":11,"minecraft:sneak_time":5743,"minecraft:walk_under_water_one_cm":4211,"minecraft:jump":1637,"minecraft:walk_on_water_one_cm":7173,"minecraft:total_world_time":81399,"minecraft:interact_with_furnace":10,"tombstone:raider_killed":4,"minecraft:time_since_rest":914,"minecraft:damage_taken":4470,"minecraft:damage_absorbed":120,"minecraft:damage_dealt":13188,"minecraft:swim_one_cm":43578,"minecraft:player_kills":1,"minecraft:fly_one_cm":348290,"minecraft:open_chest":7,"minecraft:crouch_one_cm":15702,"tombstone:undead_killed":20,"minecraft:interact_with_smoker":1,"minecraft:fall_one_cm":47886},"minecraft:crafted":{"minecraft:oak_planks":39,"minecraft:iron_axe":1,"minecraft:stone_pickaxe":1,"minecraft:dark_oak_planks":15,"minecraft:crafting_table":4,"minecraft:wooden_pickaxe":1,"minecraft:stone_axe":1,"minecraft:air":188,"minecraft:jungle_planks":3,"minecraft:stick":5,"minecraft:iron_ingot":14,"minecraft:iron_pickaxe":1,"minecraft:wooden_axe":1}},"DataVersion":3465}