{"stats":{"minecraft:picked_up":{"minecraft:wooden_axe":1,"irons_spellbooks:scroll":1,"minecraft:crafting_table":6,"minecraft:ladder":2,"irons_spellbooks:tarnished_helmet":1,"gnumus:gnumus_claw":12,"minecraft:wooden_pickaxe":1,"minecraft:cooked_rabbit":1,"minecraft:enchanted_book":1,"minecraft:amethyst_block":4,"minecraft:string":6,"minecraft:red_bed":1,"minecraft:raw_copper":100,"ancient_elements:selenite_shard":3,"irons_spellbooks:arcane_essence":4,"minecraft:cobbled_deepslate":3,"minecraft:bucket":1,"minecraft:beef":3,"minecraft:oak_boat":3,"minecraft:calcite":2,"minecraft:sugar_cane":2,"minecraft:furnace":2,"minecraft:stick":1,"ancient_elements:raw_steel":17,"minecraft:raw_iron":65,"minecraft:oak_door":3,"gnumus:juicy_meat":26,"minecraft:torch":1,"minecraft:acacia_log":1,"ancient_elements:verdant_viridium_shard":6,"ancient_elements:raw_tin":27,"tombstone:grave_dust":2,"ancient_elements:topaz_shard":3,"minecraft:brown_carpet":1,"ancient_elements:reflectine":1,"minecraft:rotten_flesh":10,"gnumus:gnumus_chickpeas":26,"supplementaries:ash":26,"gnumus:mouse_skin":40,"minecraft:glow_berries":12,"minecraft:mutton":3,"minecraft:cod":3,"minecraft:white_wool":2,"minecraft:cobblestone":99,"born_in_chaos_v1:corpse_maggot":4,"gnumus:gnumus_doubloons":29,"minecraft:feather":8,"pizzacraft:pepper_seeds":2,"minecraft:andesite":1,"gnumus:overripe_carrot":3,"gnumus:gnumus_pouch":6,"ancient_elements:raw_lead":15,"create:raw_zinc":1,"minecraft:oak_log":58,"ancient_elements:selenite_crystal_block":5,"pizzacraft:broccoli_seeds":1,"minecraft:lapis_lazuli":22,"minecraft:dirt":5,"gnumus:gnumus_pouch_2":6,"ancient_elements:verdant_viridium_crystal_block":5,"irons_spellbooks:common_ink":3,"minecraft:bone":33,"minecraft:wheat_seeds":6,"minecraft:raw_gold":10,"minecraft:rabbit_hide":2,"minecraft:rabbit":12,"minecraft:iron_sword":1,"minecraft:oak_planks":42,"minecraft:book":24,"minecraft:smooth_basalt":2,"born_in_chaos_v1:ethereal_spirit":2,"minecraft:dripstone_block":3,"minecraft:amethyst_shard":12,"gnumus:gnumus_cheese":1,"minecraft:bundle":1,"gnumus:gnumus_clay":47,"minecraft:bread":126,"ancient_elements:raw_jungle_steel":42,"irons_spellbooks:uncommon_ink":1,"minecraft:coal":73},"minecraft:used":{"minecraft:peony":1,"minecraft:chest":1,"minecraft:iron_sword":150,"minecraft:oak_door":3,"minecraft:torch":10,"minecraft:dirt":3,"minecraft:wooden_axe":38,"minecraft:furnace":1,"tombstone:gift":4,"minecraft:water_bucket":70,"minecraft:bundle":1,"minecraft:stone_pickaxe":131,"minecraft:oak_planks":56,"minecraft:wooden_pickaxe":32,"minecraft:glow_berries":3,"minecraft:crafting_table":6,"minecraft:shears":2,"minecraft:apple":2,"minecraft:bread":29,"minecraft:iron_pickaxe":246,"tombstone:grave_key":3,"minecraft:stone_axe":69,"minecraft:cobblestone":42,"minecraft:bucket":70,"minecraft:oak_boat":1,"gnumus:juicy_meat":2},"minecraft:killed_by":{"minecraft:player":3,"born_in_chaos_v1:supreme_bonescaller":1,"born_in_chaos_v1:dark_vortex":1,"irons_spellbooks:necromancer":1,"born_in_chaos_v1:corpse_fish":1,"naturalist:bear":1},"minecraft:mined":{"create:zinc_ore":1,"ancient_elements:lead_ore":15,"minecraft:oak_door":3,"ancient_elements:budding_topaz":2,"minecraft:ladder":1,"minecraft:budding_amethyst":1,"born_in_chaos_v1:black_argillite":3,"minecraft:spawner":3,"ancient_elements:topaz_clust":1,"minecraft:furnace":2,"ancient_elements:selenite_crystal_block":6,"minecraft:iron_ore":62,"ancient_elements:selenite_clust":1,"minecraft:andesite":1,"ancient_elements:tin_ore":27,"minecraft:bookshelf":8,"ancient_elements:budding_verdant_viridium":1,"ancient_elements:reflectine":1,"minecraft:stone":91,"minecraft:white_wool":2,"ancient_elements:steel_ore":17,"minecraft:red_bed":1,"minecraft:amethyst_cluster":3,"minecraft:crafting_table":6,"minecraft:calcite":2,"spelunkers_charm:dead_grass":1,"ancient_elements:verdant_viridium_crystal_block":5,"minecraft:copper_ore":28,"minecraft:tall_grass":8,"minecraft:cobblestone":1,"minecraft:deepslate_gold_ore":5,"minecraft:lapis_ore":3,"minecraft:wall_torch":1,"minecraft:amethyst_block":4,"supplementaries:urn":3,"ancient_elements:verdant_viridium_clust":2,"minecraft:grass":8,"minecraft:oak_log":52,"minecraft:coal_ore":67,"minecraft:dirt":4,"ancient_elements:jungle_steel_ore":42,"minecraft:cobweb":5,"minecraft:smooth_basalt":2,"minecraft:gold_ore":5,"minecraft:deepslate":3,"minecraft:fern":5},"minecraft:broken":{"minecraft:stone_pickaxe":1},"minecraft:killed":{"irons_spellbooks:summoned_zombie":4,"born_in_chaos_v1:restless_spirit":1,"born_in_chaos_v1:zombie_lumberjack":1,"born_in_chaos_v1:door_knight_not_despawn":1,"minecraft:spider":1,"born_in_chaos_v1:zombie_bruiser":1,"born_in_chaos_v1:maggot":7,"minecraft:skeleton":2,"gnumus:gnumus_worker":6,"gnumus:pitcher_mousse":3,"gnumus:gnumus_hunter":2,"gnumus:gnumus_hunter_not_dispawn":5,"born_in_chaos_v1:baby_skeleton":2,"gnumus:big_snout":2,"minecraft:rabbit":2,"irons_spellbooks:necromancer":1,"gnumus:marsupial_mousse":1,"born_in_chaos_v1:decrepit_skeleton":2,"minecraft:zombie":3},"minecraft:dropped":{"minecraft:bread":8,"minecraft:wheat_seeds":6,"gnumus:overripe_carrot":3,"minecraft:crafting_table":2,"minecraft:dripstone_block":3,"minecraft:cobblestone":1,"minecraft:glow_berries":9,"minecraft:amethyst_block":4,"ancient_elements:reflectine":1,"minecraft:acacia_log":1,"minecraft:cod":3,"irons_spellbooks:scroll":2,"minecraft:dirt":1,"ancient_elements:raw_jungle_steel":42,"gnumus:gnumus_claw":1,"minecraft:mutton":3,"minecraft:wooden_axe":1,"minecraft:rabbit":12,"tombstone:grave_dust":1,"irons_spellbooks:common_ink":3,"create:raw_zinc":1,"minecraft:bone":24,"minecraft:smooth_basalt":2,"born_in_chaos_v1:ethereal_spirit":2,"irons_spellbooks:uncommon_ink":1,"minecraft:rotten_flesh":6,"minecraft:oak_planks":12,"ancient_elements:verdant_viridium_crystal_block":5,"minecraft:rabbit_hide":1,"pizzacraft:pepper_seeds":1,"beer_craft:hops_seeds":1,"gnumus:gnumus_clay":35,"gnumus:gnumus_pouch_2":1,"ancient_elements:selenite_crystal_block":5,"minecraft:andesite":1,"gnumus:juicy_meat":24,"born_in_chaos_v1:corpse_maggot":4,"minecraft:oak_boat":2,"gnumus:gnumus_chickpeas":26,"pizzacraft:broccoli_seeds":1,"minecraft:arrow":3,"minecraft:beef":3,"minecraft:calcite":2,"minecraft:cooked_rabbit":1},"minecraft:custom":{"lootr:looted_stat":42,"minecraft:mob_kills":51,"minecraft:interact_with_crafting_table":11,"minecraft:open_barrel":12,"minecraft:damage_dealt_resisted":371,"minecraft:leave_game":1,"minecraft:time_since_death":2276,"minecraft:climb_one_cm":5104,"minecraft:sprint_one_cm":187466,"minecraft:walk_one_cm":164543,"minecraft:drop":58,"minecraft:play_time":82805,"minecraft:deaths":8,"minecraft:sneak_time":2309,"minecraft:walk_under_water_one_cm":16282,"minecraft:boat_one_cm":57285,"minecraft:jump":1344,"minecraft:walk_on_water_one_cm":15451,"minecraft:total_world_time":82805,"minecraft:interact_with_furnace":2,"minecraft:time_since_rest":2031,"minecraft:damage_taken":3616,"minecraft:damage_absorbed":150,"minecraft:damage_dealt":9269,"minecraft:swim_one_cm":87184,"minecraft:fly_one_cm":214586,"minecraft:open_chest":9,"minecraft:crouch_one_cm":7174,"tombstone:undead_killed":17,"minecraft:fall_one_cm":33279},"minecraft:crafted":{"minecraft:oak_door":1,"minecraft:oak_planks":43,"minecraft:stone_pickaxe":1,"minecraft:chest":2,"minecraft:crafting_table":3,"minecraft:iron_sword":1,"minecraft:stone_axe":1,"minecraft:air":127,"minecraft:oak_boat":1,"minecraft:stick":6,"minecraft:iron_pickaxe":2,"minecraft:torch":4}},"DataVersion":3465}