{"stats":{"minecraft:dropped":{"pizzacraft:pepper_seeds":1,"beer_craft:hops_seeds":1,"minecraft:wooden_axe":1,"tombstone:grave_dust":1,"minecraft:cobblestone":1,"pizzacraft:broccoli_seeds":1},"minecraft:crafted":{"minecraft:oak_planks":24,"minecraft:crafting_table":1,"minecraft:stick":3,"minecraft:stone_pickaxe":1,"minecraft:stone_axe":1,"minecraft:air":15},"minecraft:custom":{"minecraft:time_since_rest":11725,"minecraft:interact_with_furnace":1,"lootr:looted_stat":24,"minecraft:sprint_one_cm":50665,"minecraft:damage_taken":900,"minecraft:walk_one_cm":36345,"minecraft:drop":6,"minecraft:damage_dealt":61,"minecraft:interact_with_crafting_table":3,"minecraft:fly_one_cm":53599,"minecraft:crouch_one_cm":867,"minecraft:play_time":16489,"minecraft:deaths":3,"minecraft:sneak_time":346,"minecraft:jump":283,"minecraft:time_since_death":11938,"minecraft:total_world_time":16489,"minecraft:climb_one_cm":1429,"minecraft:fall_one_cm":6180},"minecraft:mined":{"minecraft:furnace":1,"minecraft:red_bed":1,"minecraft:crafting_table":2,"minecraft:ladder":1,"minecraft:grass":5,"minecraft:bookshelf":8,"minecraft:oak_log":37,"minecraft:coal_ore":42,"minecraft:cobblestone":1,"minecraft:tall_grass":5,"minecraft:stone":52,"minecraft:white_wool":2,"minecraft:fern":3},"minecraft:used":{"minecraft:peony":1,"minecraft:wooden_axe":38,"minecraft:apple":2,"minecraft:bread":1,"minecraft:stone_pickaxe":64,"minecraft:wooden_pickaxe":32,"tombstone:grave_key":1,"minecraft:stone_axe":11,"minecraft:cobblestone":3,"minecraft:crafting_table":1,"tombstone:gift":2,"minecraft:shears":2},"minecraft:killed_by":{"minecraft:player":2,"naturalist:bear":1},"minecraft:picked_up":{"minecraft:wooden_axe":1,"minecraft:crafting_table":2,"minecraft:ladder":2,"pizzacraft:pepper_seeds":1,"minecraft:wooden_pickaxe":1,"minecraft:oak_log":36,"minecraft:dirt":1,"pizzacraft:broccoli_seeds":1,"minecraft:red_bed":1,"minecraft:book":24,"minecraft:coal":42,"minecraft:white_wool":2,"minecraft:cobblestone":54,"minecraft:furnace":1}},"DataVersion":3465}