{"stats":{"minecraft:dropped":{"minecraft:wheat_seeds":3,"minecraft:andesite":1,"minecraft:wooden_axe":1,"minecraft:wooden_pickaxe":1},"minecraft:crafted":{"minecraft:oak_planks":9,"minecraft:crafting_table":1,"minecraft:stick":3,"minecraft:iron_pickaxe":1,"minecraft:iron_ingot":11,"minecraft:wooden_pickaxe":1,"minecraft:stone_pickaxe":1,"minecraft:wooden_axe":1,"minecraft:furnace":1,"minecraft:bucket":1,"minecraft:stone_axe":1,"minecraft:air":52},"minecraft:custom":{"minecraft:time_since_rest":3726,"minecraft:interact_with_furnace":7,"minecraft:sprint_one_cm":44187,"minecraft:damage_taken":481,"minecraft:walk_one_cm":65181,"minecraft:mob_kills":3,"minecraft:drop":4,"minecraft:damage_dealt":864,"minecraft:player_kills":2,"minecraft:interact_with_crafting_table":9,"minecraft:fly_one_cm":22674,"minecraft:walk_under_water_one_cm":555,"minecraft:crouch_one_cm":14156,"minecraft:play_time":18026,"minecraft:deaths":1,"minecraft:sneak_time":3945,"minecraft:jump":247,"minecraft:walk_on_water_one_cm":634,"minecraft:time_since_death":3942,"minecraft:climb_one_cm":2041,"minecraft:total_world_time":18026,"minecraft:fall_one_cm":5171},"minecraft:mined":{"ancient_elements:lead_ore":13,"minecraft:iron_ore":13,"minecraft:jungle_leaves":1,"minecraft:andesite":2,"born_in_chaos_v1:infected_diamond_ore":1,"ancient_elements:tin_ore":2,"minecraft:peony":1,"minecraft:crafting_table":2,"minecraft:deepslate_iron_ore":1,"minecraft:grass":7,"minecraft:coal_ore":31,"minecraft:grass_block":6,"minecraft:oak_log":9,"minecraft:melon":1,"spelunkers_charm:dead_grass":1,"minecraft:vine":2,"minecraft:dirt":22,"minecraft:tall_grass":3,"minecraft:stone":56,"minecraft:oak_leaves":6},"minecraft:used":{"minecraft:wooden_axe":11,"minecraft:apple":1,"minecraft:melon_slice":6,"minecraft:stone_pickaxe":120,"minecraft:iron_pickaxe":4,"minecraft:wooden_pickaxe":3,"minecraft:stone_axe":11,"minecraft:dirt":20,"minecraft:crafting_table":3,"minecraft:furnace":1,"minecraft:andesite":1,"minecraft:bucket":1},"minecraft:killed":{"born_in_chaos_v1:diamond_termite":2,"naturalist:lizard":1},"minecraft:picked_up":{"born_in_chaos_v1:diamond_termite_shard":2,"minecraft:raw_iron":14,"minecraft:stick":2,"minecraft:crafting_table":2,"minecraft:andesite":2,"ancient_elements:raw_lead":13,"ancient_elements:raw_tin":2,"minecraft:oak_log":9,"minecraft:dirt":28,"minecraft:apple":1,"minecraft:wheat_seeds":3,"minecraft:melon_slice":6,"minecraft:coal":31,"minecraft:cobblestone":56}},"DataVersion":3465}