{"stats":{"minecraft:picked_up":{"minecraft:crafting_table":5,"born_in_chaos_v1:diamond_termite_shard":9,"minecraft:wheat":19,"gnumus:gnumus_claw":1,"minecraft:chain":1,"ancient_elements:raw_palladium":12,"minecraft:string":2,"minecraft:raw_copper":64,"born_in_chaos_v1:intoxicating_decoction":1,"minecraft:blackstone":2,"irons_spellbooks:arcane_essence":15,"minecraft:cobbled_deepslate":44,"minecraft:iron_nugget":32,"born_in_chaos_v1:stimulating_decoction":2,"minecraft:melon_slice":6,"minecraft:furnace":1,"minecraft:iron_boots":1,"minecraft:raw_iron":126,"minecraft:stick":4,"ancient_elements:raw_steel":8,"born_in_chaos_v1:shattered_skull":1,"minecraft:torch":133,"ancient_elements:raw_tin":10,"born_in_chaos_v1:pieceofdarkmetal":8,"minecraft:redstone":115,"minecraft:arrow":1,"minecraft:rotten_flesh":6,"create:ochrum":1,"supplementaries:antique_ink":2,"supplementaries:ash":41,"minecraft:skeleton_skull":1,"minecraft:cobblestone":66,"minecraft:magma_block":9,"born_in_chaos_v1:monster_flesh":1,"minecraft:andesite":2,"ancient_elements:raw_lead":28,"create:raw_zinc":8,"minecraft:oak_log":9,"supplementaries:flax_seeds":3,"minecraft:gunpowder":10,"minecraft:lapis_lazuli":127,"minecraft:dirt":28,"ancient_elements:verdant_viridium_crystal_block":2,"minecraft:bone":20,"minecraft:apple":1,"minecraft:wheat_seeds":3,"minecraft:raw_gold":3,"minecraft:glass_bottle":1,"born_in_chaos_v1:ethereal_spirit":4,"minecraft:gravel":1,"minecraft:deepslate":1,"tetra:geode":4,"minecraft:diamond":2,"minecraft:emerald":6,"tombstone:magic_scroll":1,"minecraft:coal":70},"minecraft:used":{"born_in_chaos_v1:intoxicating_decoction":1,"minecraft:torch":104,"minecraft:dirt":20,"minecraft:carrot":11,"minecraft:wooden_axe":11,"minecraft:lava_bucket":4,"minecraft:furnace":1,"tombstone:gift":1,"minecraft:cobbled_deepslate":29,"minecraft:water_bucket":10,"minecraft:stone_pickaxe":133,"minecraft:wooden_pickaxe":3,"born_in_chaos_v1:stimulating_decoction":2,"minecraft:crafting_table":7,"minecraft:apple":1,"minecraft:bread":4,"minecraft:melon_slice":6,"minecraft:iron_pickaxe":395,"tombstone:grave_key":6,"minecraft:stone_axe":69,"minecraft:cobblestone":30,"minecraft:andesite":1,"minecraft:bucket":16},"minecraft:killed_by":{"minecraft:spider":1,"born_in_chaos_v1:decrepit_skeleton":1,"born_in_chaos_v1:diamond_termite":1,"irons_spellbooks:necromancer":1,"born_in_chaos_v1:sir_pumpkinhead":1,"minecraft:skeleton":5,"born_in_chaos_v1:door_knight":2},"minecraft:mined":{"create:deepslate_zinc_ore":8,"ancient_elements:lead_ore":28,"minecraft:deepslate_diamond_ore":2,"tetra:block_geode":2,"minecraft:jungle_leaves":1,"born_in_chaos_v1:infected_diamond_ore":6,"minecraft:grass_block":6,"create:ochrum":1,"minecraft:spawner":3,"minecraft:magma_block":10,"minecraft:furnace":1,"minecraft:iron_ore":78,"minecraft:andesite":2,"ancient_elements:tin_ore":2,"minecraft:deepslate_lapis_ore":15,"minecraft:peony":1,"minecraft:vine":2,"minecraft:deepslate_iron_ore":48,"ancient_elements:palladium_ore":12,"minecraft:stone":72,"ancient_elements:steel_ore":8,"minecraft:deepslate_redstone_ore":26,"minecraft:blackstone":8,"minecraft:crafting_table":6,"minecraft:melon":1,"spelunkers_charm:dead_grass":1,"ancient_elements:verdant_viridium_crystal_block":1,"ancient_elements:deepslate_tin_ore":8,"minecraft:tall_grass":6,"minecraft:copper_ore":11,"minecraft:deepslate_coal_ore":2,"spelunkers_charm:deepslate_geyser":2,"minecraft:deepslate_gold_ore":3,"minecraft:lapis_ore":3,"minecraft:diorite":1,"minecraft:wall_torch":4,"minecraft:deepslate_copper_ore":9,"supplementaries:urn":20,"minecraft:grass":13,"minecraft:oak_log":9,"minecraft:coal_ore":40,"minecraft:gravel":1,"minecraft:dirt":22,"born_in_chaos_v1:infernal_evil_pumpkin_s":1,"minecraft:oak_leaves":9,"minecraft:deepslate":47,"minecraft:fern":1},"minecraft:broken":{"minecraft:stone_pickaxe":1,"minecraft:stone_axe":1,"minecraft:iron_pickaxe":1},"minecraft:killed":{"born_in_chaos_v1:zombie_clown":1,"born_in_chaos_v1:restless_spirit":3,"minecraft:spider":1,"minecraft:skeleton":3,"gnumus:gnumus_hunter":1,"born_in_chaos_v1:skeleton_thrasher":1,"creeperoverhaul:cave_creeper":1,"born_in_chaos_v1:diamond_termite":10,"born_in_chaos_v1:spirit_guide_assistant":1,"minecraft:rabbit":1,"irons_spellbooks:necromancer":1,"minecraft:creeper":2,"born_in_chaos_v1:decrepit_skeleton":4,"minecraft:zombie":3,"born_in_chaos_v1:dread_hound":1,"born_in_chaos_v1:corpse_fly":1,"naturalist:lizard":1},"minecraft:dropped":{"minecraft:wheat_seeds":3,"minecraft:glass_bottle":4,"minecraft:cobblestone":1,"born_in_chaos_v1:pieceofdarkmetal":4,"minecraft:stick":4,"minecraft:dirt":8,"minecraft:wooden_axe":1,"minecraft:chain":1,"minecraft:bone_meal":10,"minecraft:string":8,"minecraft:gravel":1,"minecraft:blackstone":2,"create:ochrum":1,"minecraft:deepslate":1,"tetra:geode":2,"minecraft:wheat":1,"minecraft:rotten_flesh":7,"ancient_elements:verdant_viridium_crystal_block":2,"supplementaries:antique_ink":1,"supplementaries:flax_seeds":3,"minecraft:gunpowder":5,"minecraft:andesite":1,"minecraft:arrow":1,"minecraft:wooden_pickaxe":1,"minecraft:magma_block":9},"minecraft:custom":{"lootr:looted_stat":6,"minecraft:mob_kills":36,"minecraft:interact_with_crafting_table":13,"minecraft:open_barrel":32,"minecraft:damage_dealt_resisted":6,"minecraft:leave_game":1,"minecraft:time_since_death":9158,"minecraft:climb_one_cm":2506,"minecraft:sprint_one_cm":145223,"minecraft:walk_one_cm":275135,"minecraft:drop":30,"minecraft:play_time":84340,"minecraft:deaths":15,"minecraft:sneak_time":9563,"minecraft:walk_under_water_one_cm":35449,"minecraft:jump":1201,"minecraft:walk_on_water_one_cm":29068,"minecraft:total_world_time":84340,"minecraft:interact_with_furnace":11,"minecraft:time_since_rest":9001,"minecraft:damage_taken":5008,"minecraft:damage_dealt":8382,"minecraft:swim_one_cm":76839,"minecraft:player_kills":2,"minecraft:fly_one_cm":320386,"minecraft:crouch_one_cm":32001,"tombstone:undead_killed":14,"minecraft:fall_one_cm":25553},"minecraft:crafted":{"minecraft:oak_planks":9,"minecraft:furnace":1,"minecraft:bone_meal":1,"minecraft:stone_pickaxe":1,"minecraft:crafting_table":2,"minecraft:wooden_pickaxe":1,"minecraft:bucket":2,"minecraft:stone_axe":1,"minecraft:bread":6,"minecraft:air":86,"minecraft:stick":7,"minecraft:iron_ingot":19,"minecraft:iron_pickaxe":2,"minecraft:wooden_axe":1,"minecraft:torch":4}},"DataVersion":3465}