{"stats":{"minecraft:picked_up":{"minecraft:crafting_table":1,"minecraft:iron_trapdoor":2,"relics:leather_belt":1,"ancient_elements:meteorite_block":1,"minecraft:beetroot":1,"minecraft:oak_boat":1,"minecraft:spruce_slab":1,"minecraft:iron_pickaxe":1,"minecraft:melon_slice":53,"minecraft:sugar_cane":36,"irons_spellbooks:inscription_table":1,"minecraft:egg":2,"minecraft:stick":2,"minecraft:acacia_log":10,"minecraft:porkchop":6,"minecraft:sandstone_wall":1,"tombstone:grave_dust":3,"minecraft:rotten_flesh":2,"pizzacraft:olive_log":6,"minecraft:beetroot_seeds":11,"minecraft:peony":1,"minecraft:hay_block":50,"born_in_chaos_v1:spiny_shell":3,"gnumus:mouse_skin":4,"minecraft:cobblestone":31,"born_in_chaos_v1:corpse_maggot":2,"irons_spellbooks:silver_ring":1,"minecraft:oak_log":20,"minecraft:dirt":3,"tombstone:gift":1,"gnumus:gnumus_pouch_2":1,"minecraft:bone":3,"minecraft:chipped_anvil":1,"minecraft:kelp":3,"minecraft:wheat_seeds":2,"relics:infinity_ham":1,"naturalist:snail_shell":1,"minecraft:sand":29,"minecraft:jungle_slab":1,"gnumus:gnumus_clay":6,"born_in_chaos_v1:rotten_fish":1,"minecraft:oak_sapling":1,"minecraft:coal":5},"minecraft:used":{"minecraft:beetroot":1,"minecraft:stone_sword":73,"minecraft:stone_shovel":14,"minecraft:stone_hoe":51,"minecraft:goat_horn":3,"tombstone:gift":2,"minecraft:egg":2,"minecraft:acacia_planks":34,"minecraft:stone_pickaxe":31,"minecraft:wooden_pickaxe":3,"minecraft:diamond_axe":2,"minecraft:golden_apple":2,"minecraft:sand":29,"minecraft:crafting_table":4,"minecraft:diamond_shovel":3,"minecraft:melon_slice":14,"minecraft:iron_pickaxe":2,"tombstone:grave_key":3,"minecraft:stone_axe":44,"minecraft:cobblestone":16,"born_in_chaos_v1:rotten_fish":1,"minecraft:oak_boat":3},"minecraft:killed_by":{"minecraft:creeper":1,"gnumus:gnumus_hunter_not_dispawn":1,"born_in_chaos_v1:decaying_zombie":1,"minecraft:skeleton":1,"minecraft:zombie":1,"gnumus:gnumus_shaman":1},"minecraft:mined":{"minecraft:jungle_slab":1,"minecraft:acacia_log":10,"minecraft:grass_block":1,"ancient_elements:meteorite_block":1,"minecraft:spawner":3,"minecraft:hay_block":50,"pizzacraft:olive_log":6,"minecraft:fire":2,"minecraft:vine":1,"gnumus:fragile_gnumus_jug":1,"irons_spellbooks:inscription_table":1,"minecraft:stone":28,"minecraft:spruce_slab":1,"minecraft:orange_terracotta":1,"minecraft:crafting_table":1,"minecraft:melon":11,"minecraft:dead_bush":3,"minecraft:tall_grass":1,"minecraft:sugar_cane":22,"farmersdelight:wild_beetroots":10,"farmersdelight:sandy_shrub":1,"minecraft:grass":8,"minecraft:oak_log":20,"minecraft:sand":34,"minecraft:dirt":2,"minecraft:sandstone_wall":1,"minecraft:cobweb":1,"minecraft:chipped_anvil":1,"minecraft:iron_trapdoor":1},"minecraft:killed":{"born_in_chaos_v1:thornshell_crab":1,"born_in_chaos_v1:zombie_bruiser":1,"naturalist:snail":1,"minecraft:skeleton":1,"born_in_chaos_v1:spirit_guide":1,"minecraft:pig":2,"born_in_chaos_v1:spirit_guide_assistant":2,"born_in_chaos_v1:decrepit_skeleton":1,"minecraft:zombie":4,"born_in_chaos_v1:corpse_fly":2},"minecraft:dropped":{"minecraft:stone_hoe":1,"naturalist:snail_shell":1,"minecraft:wheat_seeds":1,"pizzacraft:olive_planks":16,"minecraft:feather":5,"minecraft:cobblestone":4,"relics:infinity_ham":1,"gnumus:mouse_skin":4,"minecraft:coal":6,"minecraft:dirt":3,"relics:leather_belt":1,"mca:book_romance":1,"irons_spellbooks:silver_ring":1,"minecraft:iron_trapdoor":1,"tombstone:grave_dust":4,"minecraft:gold_nugget":2,"minecraft:acacia_planks":6,"minecraft:bone":1,"minecraft:kelp":3,"minecraft:stone_shovel":1,"minecraft:rotten_flesh":2,"ancient_elements:meteorite_block":1,"patchouli:guide_book":1,"minecraft:chainmail_chestplate":1,"minecraft:sandstone_wall":1,"minecraft:leather_chestplate":1,"supplementaries:ash":1,"gnumus:gnumus_clay":6,"minecraft:peony":1,"born_in_chaos_v1:spiny_shell":3,"born_in_chaos_v1:corpse_maggot":2,"minecraft:oak_sapling":1,"minecraft:spruce_slab":1,"minecraft:stone_pickaxe":1,"minecraft:wooden_pickaxe":1},"minecraft:custom":{"minecraft:interact_with_smithing_table":1,"lootr:looted_stat":48,"minecraft:mob_kills":16,"minecraft:interact_with_crafting_table":7,"minecraft:open_barrel":1,"minecraft:damage_dealt_resisted":153,"minecraft:leave_game":2,"minecraft:time_since_death":5294,"minecraft:climb_one_cm":2146,"minecraft:sprint_one_cm":197275,"minecraft:walk_one_cm":109218,"minecraft:drop":41,"minecraft:play_time":66145,"minecraft:deaths":7,"minecraft:sneak_time":2886,"minecraft:walk_under_water_one_cm":3912,"minecraft:boat_one_cm":177570,"minecraft:jump":1923,"minecraft:interact_with_blast_furnace":1,"minecraft:walk_on_water_one_cm":7339,"minecraft:total_world_time":66145,"minecraft:interact_with_furnace":2,"minecraft:interact_with_grindstone":1,"minecraft:time_since_rest":5148,"minecraft:damage_taken":3367,"minecraft:damage_absorbed":40,"minecraft:damage_dealt":3459,"minecraft:swim_one_cm":17794,"minecraft:fly_one_cm":503918,"minecraft:crouch_one_cm":9349,"tombstone:undead_killed":10,"minecraft:interact_with_smoker":2,"minecraft:fall_one_cm":71980},"minecraft:crafted":{"irons_spellbooks:wandering_magician_helmet":1,"minecraft:oak_planks":20,"minecraft:stone_shovel":1,"irons_spellbooks:wandering_magician_leggings":1,"minecraft:stone_pickaxe":1,"minecraft:stone_hoe":1,"minecraft:crafting_table":3,"minecraft:wooden_pickaxe":1,"minecraft:stone_axe":1,"minecraft:air":166,"pizzacraft:olive_planks":6,"minecraft:oak_boat":2,"irons_spellbooks:wandering_magician_chestplate":1,"minecraft:stick":3,"minecraft:stone_sword":1,"minecraft:acacia_planks":10,"irons_spellbooks:wandering_magician_boots":1}},"DataVersion":3465}