{"stats":{"minecraft:custom":{"minecraft:jump":21,"minecraft:time_since_rest":2575,"minecraft:crouch_one_cm":270,"minecraft:leave_game":1,"minecraft:sprint_one_cm":2917,"minecraft:play_time":2575,"minecraft:damage_taken":20,"minecraft:time_since_death":2575,"minecraft:walk_one_cm":1248,"minecraft:sneak_time":89,"minecraft:climb_one_cm":335,"minecraft:total_world_time":2575,"minecraft:fall_one_cm":2123,"minecraft:fly_one_cm":2418},"minecraft:picked_up":{"minecraft:oak_sapling":1}},"DataVersion":3465}