{
  "takesapillage:root": {
    "criteria": {
      "always": "2024-06-10 14:11:15 +0000"
    },
    "done": true
  },
  "ancient_elements:ancient_elements": {
    "criteria": {
      "ancient_elements": "2024-06-10 14:11:15 +0000"
    },
    "done": true
  },
  "create:root": {
    "criteria": {
      "0": "2024-06-10 14:11:15 +0000"
    },
    "done": true
  },
  "pizzacraft:root": {
    "criteria": {
      "tick": "2024-06-10 14:11:15 +0000"
    },
    "done": true
  },
  "minecraft:recipes/decorations/crafting_table": {
    "criteria": {
      "unlock_right_away": "2024-06-10 14:11:15 +0000"
    },
    "done": true
  },
  "naturalist:recipes/food/cooked_egg": {
    "criteria": {
      "has_eggs": "2024-06-10 14:11:15 +0000"
    },
    "done": true
  },
  "irons_spellbooks:grant_patchouli": {
    "criteria": {
      "tick": "2024-06-10 14:11:15 +0000"
    },
    "done": true
  },
  "bakery:main/root": {
    "criteria": {
      "seeds": "2024-06-10 14:11:15 +0000"
    },
    "done": true
  },
  "born_in_chaos_v1:bornin_chaos": {
    "criteria": {
      "bornin_chaos_0": "2024-06-10 14:11:15 +0000"
    },
    "done": true
  },
  "tombstone:adventure/root": {
    "criteria": {
      "auto": "2024-06-10 14:11:16 +0000"
    },
    "done": true
  },
  "lootr:root": {
    "criteria": {
      "always_true": "2024-06-10 14:11:15 +0000"
    },
    "done": true
  },
  "farmersdelight:main/root": {
    "criteria": {
      "seeds": "2024-06-10 14:11:15 +0000"
    },
    "done": true
  },
  "minecraft:adventure/adventuring_time": {
    "criteria": {
      "minecraft:frozen_river": "2024-06-10 14:12:10 +0000",
      "minecraft:beach": "2024-06-10 14:11:16 +0000",
      "minecraft:river": "2024-06-10 14:11:58 +0000",
      "minecraft:snowy_plains": "2024-06-10 14:12:12 +0000",
      "minecraft:snowy_taiga": "2024-06-10 14:12:11 +0000",
      "minecraft:forest": "2024-06-10 14:11:43 +0000",
      "minecraft:plains": "2024-06-10 14:11:44 +0000"
    },
    "done": false
  },
  "DataVersion": 3465
}